regime,settlement_period,imbalance_price,abs_niv,temp_c,wind_pct,solar_wm2,hour
hot,1,134.09319782007523,177.43869640291825,15.492391304347825,21.136263736263736,0.0,0.0
hot,2,124.78217396868887,159.17058142229894,15.492391304347825,21.37802197802198,0.0,0.5
hot,3,124.9468696021891,178.62995505122234,14.98391304347826,20.924175824175823,0.0,1.0
hot,4,127.2249184413672,141.71744485524638,14.98391304347826,20.665934065934064,0.0,1.5
hot,5,120.33429423637948,143.50682116224158,14.409565217391306,20.59120879120879,0.0,2.0
hot,6,116.64667640103869,129.98120020743795,14.409565217391306,20.415384615384614,0.0,2.5
hot,7,112.16937663838458,146.75739648306046,13.969782608695652,20.195604395604395,0.0,3.0
hot,8,109.80949744848091,153.07232166682215,13.969782608695652,19.85604395604396,0.0,3.5
hot,9,117.01705690126154,159.7807576712634,13.643478260869566,19.892391304347825,0.0,4.0
hot,10,112.88429392115485,145.78702789748826,13.643478260869566,19.652173913043477,0.0,4.5
hot,11,116.28541264375163,176.07487776896244,13.32217391304348,19.256521739130434,0.30869565217391304,5.0
hot,12,122.08198600438735,173.11222056065944,13.32217391304348,18.706521739130434,0.30869565217391304,5.5
hot,13,137.13393034423976,191.10958333533975,13.587826086956522,17.877173913043478,19.358695652173914,6.0
hot,14,151.00743581067812,217.52458303235352,13.587826086956522,16.933695652173913,19.358695652173914,6.5
hot,15,133.78871794586834,193.46253892388418,14.686521739130436,16.145652173913046,91.05652173913045,7.0
hot,16,159.5091180983317,188.69410435508686,14.686521739130436,15.359782608695651,91.05652173913045,7.5
hot,17,140.11842709385522,171.10550533518867,16.113260869565217,14.838043478260868,203.92826086956524,8.0
hot,18,156.7218485948659,185.45050503847443,16.113260869565217,14.28804347826087,203.92826086956524,8.5
hot,19,148.72247398105313,205.31132345505702,17.60608695652174,14.056521739130435,328.65434782608696,9.0
hot,20,137.19523580267057,197.54270202241406,17.60608695652174,13.840217391304348,328.65434782608696,9.5
hot,21,138.20564831648423,192.39926337840836,19.07673913043478,13.72717391304348,455.2565217391304,10.0
hot,22,132.05266309210316,206.42900147040714,19.07673913043478,13.65108695652174,455.2565217391304,10.5
hot,23,131.221053470524,196.74163459494088,20.32217391304348,13.61304347826087,554.9521739130435,11.0
hot,24,133.14905454619105,191.40834603999653,20.32217391304348,13.576086956521738,554.9521739130435,11.5
hot,25,131.39962737526358,222.6081359574078,21.34978260869565,13.700000000000001,625.5065217391304,12.0
hot,26,131.64637244448747,239.81810196002155,21.34978260869565,13.907608695652174,625.5065217391304,12.5
hot,27,136.0830238642334,267.92476455032187,22.210217391304347,14.283695652173913,668.6978260869565,13.0
hot,28,128.77783315582323,220.4718255240019,22.210217391304347,14.682608695652174,668.6978260869565,13.5
hot,29,130.0502377643273,214.2893467517162,22.70413043478261,15.076086956521738,650.2456521739131,14.0
hot,30,124.94384441282537,230.6661593693665,22.70413043478261,15.506521739130434,650.2456521739131,14.5
hot,31,128.39705903792355,239.101347384608,23.063695652173916,16.023913043478263,630.5934782608696,15.0
hot,32,135.004809290334,238.29230151261874,23.063695652173916,16.226086956521737,630.5934782608696,15.5
hot,33,147.72809374309062,246.16466885798783,23.06434782608696,16.389130434782608,553.5391304347826,16.0
hot,34,145.59149712562515,222.9288145889438,23.06434782608696,16.482608695652175,553.5391304347826,16.5
hot,35,149.78646052077144,202.99517767330187,22.87173913043478,16.582608695652173,462.14347826086953,17.0
hot,36,175.1169960010136,228.06857294228215,22.87173913043478,16.793478260869566,462.14347826086953,17.5
hot,37,192.93162051909076,248.30625987447326,22.428695652173914,16.93804347826087,359.07173913043476,18.0
hot,38,205.30270953761305,252.36672256560877,22.428695652173914,17.297826086956523,359.07173913043476,18.5
hot,39,209.0448009289703,285.8176505366397,21.725,17.51304347826087,239.9826086956522,19.0
hot,40,201.27217975713006,283.30619466900185,21.725,17.85,239.9826086956522,19.5
hot,41,190.2381180471293,265.8472172434426,20.532826086956522,18.286956521739132,132.03478260869565,20.0
hot,42,174.5366480055628,248.72126477096631,20.532826086956522,18.566304347826087,132.03478260869565,20.5
hot,43,193.40330532547404,262.08027223577767,18.98630434782609,18.85978260869565,43.03695652173913,21.0
hot,44,177.6648357814363,238.12684270961643,18.98630434782609,19.27934782608696,43.03695652173913,21.5
hot,45,174.19963532213808,257.5730255538924,17.783478260869565,19.74891304347826,3.6934782608695653,22.0
hot,46,146.59876236482052,212.89166081019155,17.783478260869565,20.59891304347826,3.6934782608695653,22.5
hot,47,150.74004476104727,250.03233854575907,16.873260869565218,21.218478260869563,0.0,23.0
hot,48,144.3807325772825,212.5748996860762,16.873260869565218,21.732608695652175,0.0,23.5
mild,1,81.29965641098892,225.07442712001105,11.030702702702703,31.394565217391307,0.0,0.0
mild,2,77.88307202896553,230.4764497630498,11.030702702702703,31.743478260869566,0.0,0.5
mild,3,79.9803164185115,207.81037937026463,10.720216216216217,31.80054347826087,0.0,1.0
mild,4,77.19280760810814,200.27754376480283,10.720216216216217,31.8625,0.0,1.5
mild,5,77.08337946016972,200.28174156890915,10.426054054054054,31.925,0.0,2.0
mild,6,70.37991390563857,197.89024052984877,10.426054054054054,31.942391304347826,0.0,2.5
mild,7,71.17531612014704,198.60145308769773,10.175459459459459,31.810326086956525,0.0,3.0
mild,8,68.59260549451317,198.68809860898887,10.175459459459459,31.757608695652173,0.0,3.5
mild,9,75.86686356287386,197.7234060409713,9.95708108108108,31.551086956521736,0.0,4.0
mild,10,72.14586220983716,208.8608722250086,9.95708108108108,31.22826086956522,0.0,4.5
mild,11,77.11448242697959,213.1736322562146,9.788216216216217,30.664130434782606,0.24000000000000002,5.0
mild,12,79.08107498512605,205.72169979736142,9.788216216216217,29.854891304347827,0.24000000000000002,5.5
mild,13,82.38519118359885,200.2528213013578,9.991351351351351,28.78641304347826,17.474594594594596,6.0
mild,14,97.13086500357889,228.14453889963755,9.991351351351351,27.580978260869564,17.474594594594596,6.5
mild,15,91.00867072901895,236.54335482302508,10.662162162162161,26.68423913043478,74.87567567567568,7.0
mild,16,99.88318403091726,229.80848462444902,10.662162162162161,25.695652173913043,74.87567567567568,7.5
mild,17,91.58282501975712,230.6905149195457,11.556216216216217,25.016304347826086,166.34486486486486,8.0
mild,18,97.53253999739536,215.24036249897787,11.556216216216217,24.419565217391302,166.34486486486486,8.5
mild,19,98.6819253609644,226.04609287041188,12.460864864864867,24.002173913043475,261.29945945945946,9.0
mild,20,93.00259391349256,246.62923072556634,12.460864864864867,23.696195652173916,261.29945945945946,9.5
mild,21,94.93059381263488,254.7639253407947,13.28010810810811,23.599456521739132,348.0162162162162,10.0
mild,22,92.53335052604226,249.05846729401108,13.28010810810811,23.511413043478264,348.0162162162162,10.5
mild,23,99.08639778697719,263.57767107030014,13.993621621621623,23.32,411.8183783783783,11.0
mild,24,93.8368070841494,253.23940467966744,13.993621621621623,23.292972972972972,411.8183783783783,11.5
mild,25,94.55263963635542,251.68456617361815,14.64,23.345405405405405,461.37729729729733,12.0
mild,26,86.06259209241614,232.07228021702977,14.64,23.64756756756757,461.37729729729733,12.5
mild,27,85.5369329796706,230.4684707587624,14.78735135135135,24.015135135135136,489.10594594594596,13.0
mild,28,75.60491435909674,248.1135271932268,14.78735135135135,24.343243243243244,489.10594594594596,13.5
mild,29,75.99134997379188,255.3341607530708,15.031567567567569,24.563783783783784,472.99027027027023,14.0
mild,30,70.7828104135763,264.67466735423403,15.031567567567569,24.967027027027026,472.99027027027023,14.5
mild,31,74.14070028249314,245.8111091669577,15.202702702702704,25.183783783783785,451.9416216216216,15.0
mild,32,75.74420496848336,242.5776732700836,15.202702702702704,25.32,451.9416216216216,15.5
mild,33,80.65988059727908,241.8690734809236,15.262594594594594,25.232972972972973,408.3924324324325,16.0
mild,34,89.89654311041579,227.24220321519044,15.262594594594594,25.133513513513513,408.3924324324325,16.5
mild,35,95.96089131662951,250.31239748340226,15.135567567567568,24.90594594594595,354.5178378378379,17.0
mild,36,100.42358763200554,230.6594793124,15.135567567567568,24.78702702702703,354.5178378378379,17.5
mild,37,109.39535849987179,217.14986164244013,14.838486486486486,24.691891891891892,281.54594594594596,18.0
mild,38,109.15479968136603,216.19205600399968,14.838486486486486,24.71945945945946,281.54594594594596,18.5
mild,39,115.91460840839284,217.8719301112277,14.300432432432432,24.703243243243246,189.25945945945946,19.0
mild,40,110.94340622147374,212.62033232275056,14.300432432432432,24.76054054054054,189.25945945945946,19.5
mild,41,115.04708075323599,214.15122627895278,13.550702702702702,24.735675675675676,105.77513513513514,20.0
mild,42,116.72006928881318,214.71360378012204,13.550702702702702,24.814594594594595,105.77513513513514,20.5
mild,43,113.95598689570002,226.14787793428232,12.563567567567569,25.081621621621622,37.29837837837838,21.0
mild,44,102.72648086868509,222.784442012266,12.563567567567569,25.599459459459457,37.29837837837838,21.5
mild,45,102.78789110267549,224.60881133780146,11.71372972972973,26.511891891891892,3.3535135135135135,22.0
mild,46,90.00172406334477,197.0982864930059,11.71372972972973,27.93945945945946,3.3535135135135135,22.5
mild,47,95.54619081401704,208.3907198606873,11.132864864864864,29.07135135135135,0.0,23.0
mild,48,89.91316712995221,214.28199246137865,11.132864864864864,29.845945945945946,0.0,23.5
